rank,overlap_id,score,tier,distance_km,distance_mi,isd_gap_days,construction_overlap_days,desc_id,desc_project,desc_in_service,ga_id,ga_sponsor,ga_project,ga_in_service,location_confidence
1,OVL-001,54.5,site,2.75,1.71,152,388,"06367 A - C, H",Riverport Tap: Construct Tap,2025-12-31,20277,SAV,SAV: MCINTOSH - PURRYSBURG 230KV REACTORS,2026-06-01,medium
2,OVL-002,52.5,site,4.81,2.99,517,23,06367 D - G,Jasper – Okatie 230 kV #2: Construct,2025-12-31,20065,SAV,SAV: GOSHEN (SAV) - MCINTOSH 115KV LINE REBUILD,2027-06-01,high
3,OVL-003,48.3,site,4.51,2.8,517,23,"0139 M,N","Okatie 230-115kV Substation, Jasper – Yemassee 230kV #1 Fold-in",2024-12-31,20277,SAV,SAV: MCINTOSH - PURRYSBURG 230KV REACTORS,2026-06-01,medium
4,OVL-004,48.3,site,4.51,2.8,152,388,06367 D - G,Jasper – Okatie 230 kV #2: Construct,2025-12-31,20277,SAV,SAV: MCINTOSH - PURRYSBURG 230KV REACTORS,2026-06-01,medium
5,OVL-005,45.0,cross,0.0,0.0,3074,0,6810 A,Hooks - Thurmond 115kV Tie: Rebuild,2024-12-31,20793,GPC,EVANS PRIMARY - THURMOND DAM (USA) #5 115KV REBUILD,2033-06-01,low
6,OVL-006,45.0,cross,0.0,0.0,3074,0,6810 A,Hooks - Thurmond 115kV Tie: Rebuild,2024-12-31,20794,GPC,EVANS PRIMARY - THURMOND DAM (USA) #6 115KV REBUILD,2033-06-01,low
7,OVL-007,39.8,site,4.81,2.99,882,0,"0139 M,N","Okatie 230-115kV Substation, Jasper – Yemassee 230kV #1 Fold-in",2024-12-31,20065,SAV,SAV: GOSHEN (SAV) - MCINTOSH 115KV LINE REBUILD,2027-06-01,high
8,OVL-008,34.7,crew,9.13,5.67,517,23,"06367 A - C, H",Riverport Tap: Construct Tap,2025-12-31,20785,SAV,SAV: GOSHEN (SAV) - KRAFT 115KV LINE REBUILD,2027-06-01,medium
9,OVL-009,34.5,crew,9.32,5.79,72,468,6852,Urquhart – Toolebeck 115kV line: Rebuild,2026-08-12,16007,GPC,FENWICK STREET - SAND BAR FERRY 115KV (RECONDUCTOR/REBUILD),2026-06-01,medium
10,OVL-010,33.1,crew,10.62,6.6,365,175,6808 S,Okatie-Bluffton 115kV: Rebuild,2025-06-01,20277,SAV,SAV: MCINTOSH - PURRYSBURG 230KV REACTORS,2026-06-01,medium
11,OVL-011,31.7,crew,14.64,9.1,517,23,06367 D - G,Jasper – Okatie 230 kV #2: Construct,2025-12-31,20785,SAV,SAV: GOSHEN (SAV) - KRAFT 115KV LINE REBUILD,2027-06-01,high
12,OVL-012,30.1,crew,13.23,8.22,517,23,"06367 A - C, H",Riverport Tap: Construct Tap,2025-12-31,20065,SAV,SAV: GOSHEN (SAV) - MCINTOSH 115KV LINE REBUILD,2027-06-01,medium
13,OVL-013,29.0,crew,9.33,5.79,578,0,6810 O,Urquhart – Aiken PSA 46 kV: Rebuild,2027-12-31,16007,GPC,FENWICK STREET - SAND BAR FERRY 115KV (RECONDUCTOR/REBUILD),2026-06-01,medium
14,OVL-014,27.5,crew,10.71,6.65,517,23,6809 E,Stevens Creek - Hooks 115kV/LR Plumb Branch 46kV Rebuilds,2024-12-31,16007,GPC,FENWICK STREET - SAND BAR FERRY 115KV (RECONDUCTOR/REBUILD),2026-06-01,low
15,OVL-015,27.5,crew,10.71,6.65,152,388,6809 G,Stevens Creek - Hooks 115kV/LR Plumb Branch 46kV,2025-12-31,16007,GPC,FENWICK STREET - SAND BAR FERRY 115KV (RECONDUCTOR/REBUILD),2026-06-01,low
16,OVL-016,26.7,site,3.05,1.89,3074,0,6809 E,Stevens Creek - Hooks 115kV/LR Plumb Branch 46kV Rebuilds,2024-12-31,20793,GPC,EVANS PRIMARY - THURMOND DAM (USA) #5 115KV REBUILD,2033-06-01,low
17,OVL-017,26.7,site,3.05,1.89,3074,0,6809 E,Stevens Creek - Hooks 115kV/LR Plumb Branch 46kV Rebuilds,2024-12-31,20794,GPC,EVANS PRIMARY - THURMOND DAM (USA) #6 115KV REBUILD,2033-06-01,low
18,OVL-018,26.7,site,3.05,1.89,2709,0,6809 G,Stevens Creek - Hooks 115kV/LR Plumb Branch 46kV,2025-12-31,20793,GPC,EVANS PRIMARY - THURMOND DAM (USA) #5 115KV REBUILD,2033-06-01,low
19,OVL-019,26.7,site,3.05,1.89,2709,0,6809 G,Stevens Creek - Hooks 115kV/LR Plumb Branch 46kV,2025-12-31,20794,GPC,EVANS PRIMARY - THURMOND DAM (USA) #6 115KV REBUILD,2033-06-01,low
20,OVL-020,26.7,crew,16.27,10.11,213,327,"06367 A - C, H",Riverport Tap: Construct Tap,2025-12-31,20067,SAV,SAV: DEPTFORD - MAGNOLIA 115KV RECONDUCTOR,2025-06-01,medium
21,OVL-021,26.7,crew,16.27,10.11,152,213,"06367 A - C, H",Riverport Tap: Construct Tap,2025-12-31,20066,SAV,SAV: BOULEVARD - DEPTFORD 115KV RECONDUCTOR,2026-06-01,medium
22,OVL-022,26.4,crew,13.56,8.43,730,0,6808 S,Okatie-Bluffton 115kV: Rebuild,2025-06-01,20065,SAV,SAV: GOSHEN (SAV) - MCINTOSH 115KV LINE REBUILD,2027-06-01,high
23,OVL-023,24.0,crew,14.64,9.1,882,0,"0139 M,N","Okatie 230-115kV Substation, Jasper – Yemassee 230kV #1 Fold-in",2024-12-31,20785,SAV,SAV: GOSHEN (SAV) - KRAFT 115KV LINE REBUILD,2027-06-01,high
24,OVL-024,21.7,crew,10.66,6.62,1248,0,"06367 A - C, H",Riverport Tap: Construct Tap,2025-12-31,20989,SAV,SAV: RICE HOPE NEW AUTO TRANSFORMER,2029-06-01,medium
25,OVL-025,21.5,crew,14.81,9.2,883,0,6810 O,Urquhart – Aiken PSA 46 kV: Rebuild,2027-12-31,21116,GPC,GOSHEN AREA STRATEGIC SOLUTION,2030-06-01,medium
26,OVL-026,20.9,crew,19.14,11.9,730,0,6808 S,Okatie-Bluffton 115kV: Rebuild,2025-06-01,20785,SAV,SAV: GOSHEN (SAV) - KRAFT 115KV LINE REBUILD,2027-06-01,high
27,OVL-027,19.5,crew,14.81,9.2,1389,0,6852,Urquhart – Toolebeck 115kV line: Rebuild,2026-08-12,21116,GPC,GOSHEN AREA STRATEGIC SOLUTION,2030-06-01,high
28,OVL-028,19.0,crew,17.74,11.03,883,0,"06367 A - C, H",Riverport Tap: Construct Tap,2025-12-31,20783,SAV,SAV: COLEMAN - DEAN FOREST 115KV LINE REBUILD,2028-06-01,medium
29,OVL-029,18.1,crew,15.59,9.68,1248,0,06367 D - G,Jasper – Okatie 230 kV #2: Construct,2025-12-31,20989,SAV,SAV: RICE HOPE NEW AUTO TRANSFORMER,2029-06-01,medium
30,OVL-030,17.9,crew,25.69,15.96,0,540,6808 S,Okatie-Bluffton 115kV: Rebuild,2025-06-01,20067,SAV,SAV: DEPTFORD - MAGNOLIA 115KV RECONDUCTOR,2025-06-01,high
31,OVL-031,17.3,crew,9.28,5.77,3652,0,6809 E,Stevens Creek - Hooks 115kV/LR Plumb Branch 46kV Rebuilds,2024-12-31,17993,GPC,EVANS PRIMARY - THOMSON PRIMARY 115KV REBUILD,2034-12-31,low
32,OVL-032,17.3,crew,9.28,5.77,3287,0,6809 G,Stevens Creek - Hooks 115kV/LR Plumb Branch 46kV,2025-12-31,17993,GPC,EVANS PRIMARY - THOMSON PRIMARY 115KV REBUILD,2034-12-31,low
33,OVL-033,16.5,crew,15.59,9.68,1613,0,"0139 M,N","Okatie 230-115kV Substation, Jasper – Yemassee 230kV #1 Fold-in",2024-12-31,20989,SAV,SAV: RICE HOPE NEW AUTO TRANSFORMER,2029-06-01,medium
34,OVL-034,16.5,crew,17.75,11.03,1248,0,"06367 A - C, H",Riverport Tap: Construct Tap,2025-12-31,21023,SAV,SAV: DEAN FOREST - LITTLE OGEECHEE 230 KV REBUILD,2029-06-01,medium
35,OVL-035,16.1,crew,25.69,15.96,365,0,6808 S,Okatie-Bluffton 115kV: Rebuild,2025-06-01,20066,SAV,SAV: BOULEVARD - DEPTFORD 115KV RECONDUCTOR,2026-06-01,high
36,OVL-036,15.3,crew,12.79,7.95,3652,0,6810 A,Hooks - Thurmond 115kV Tie: Rebuild,2024-12-31,17993,GPC,EVANS PRIMARY - THOMSON PRIMARY 115KV REBUILD,2034-12-31,low
37,OVL-037,14.8,crew,19.99,12.42,1248,0,"06367 A - C, H",Riverport Tap: Construct Tap,2025-12-31,21006,SAV,SAV: BOULEVARD - MAGNOLIA 115 KV LINE REBUILD,2029-06-01,medium
38,OVL-038,14.6,crew,18.3,11.37,2344,0,"06367 A - C, H",Riverport Tap: Construct Tap,2025-12-31,20784,SAV,SAV: COLEMAN - MELDRIM 115KV LINE REBUILD,2032-06-01,medium
39,OVL-039,14.4,crew,18.61,11.56,1461,0,6808 S,Okatie-Bluffton 115kV: Rebuild,2025-06-01,20989,SAV,SAV: RICE HOPE NEW AUTO TRANSFORMER,2029-06-01,medium
40,OVL-040,13.8,crew,25.33,15.74,517,23,6810 A,Hooks - Thurmond 115kV Tie: Rebuild,2024-12-31,16007,GPC,FENWICK STREET - SAND BAR FERRY 115KV (RECONDUCTOR/REBUILD),2026-06-01,low
41,OVL-041,13.7,crew,20.67,12.85,883,0,"06367 A - C, H",Riverport Tap: Construct Tap,2025-12-31,20407,SAV,SAV: MAGNOLIA - TRUMAN PARKWAY 115KV REBUILD,2028-06-01,low
42,OVL-042,13.3,crew,28.22,17.54,250,290,"06367 A - C, H",Riverport Tap: Construct Tap,2025-12-31,19523,SAV,SAV: CC - HYUNDAI MOTORS SAVANNAH AKA. PROJECT EA,2025-04-25,medium
43,OVL-043,13.3,crew,28.21,17.53,0,540,"06367 A - C, H",Riverport Tap: Construct Tap,2025-12-31,17075,SAV,SAV: LITTLE OGEECHEE 230-115KV: RELAY MODERNIZATION,2025-12-31,medium
44,OVL-044,12.9,crew,29.72,18.47,152,388,"0139 M,N","Okatie 230-115kV Substation, Jasper – Yemassee 230kV #1 Fold-in",2024-12-31,20067,SAV,SAV: DEPTFORD - MAGNOLIA 115KV RECONDUCTOR,2025-06-01,high
45,OVL-045,12.9,crew,29.72,18.47,213,327,06367 D - G,Jasper – Okatie 230 kV #2: Construct,2025-12-31,20067,SAV,SAV: DEPTFORD - MAGNOLIA 115KV RECONDUCTOR,2025-06-01,high
46,OVL-046,12.9,crew,29.72,18.47,152,213,06367 D - G,Jasper – Okatie 230 kV #2: Construct,2025-12-31,20066,SAV,SAV: BOULEVARD - DEPTFORD 115KV RECONDUCTOR,2026-06-01,high
47,OVL-047,11.5,crew,27.74,17.24,152,388,"06367 A - C, H",Riverport Tap: Construct Tap,2025-12-31,19966,SAV,SAV: CC - BIG OGEECHEE 500/230KV (CC NETWORK IMPROVEMENTS),2026-06-01,low
48,OVL-048,11.0,crew,29.72,18.47,517,0,"0139 M,N","Okatie 230-115kV Substation, Jasper – Yemassee 230kV #1 Fold-in",2024-12-31,20066,SAV,SAV: BOULEVARD - DEPTFORD 115KV RECONDUCTOR,2026-06-01,high
49,OVL-049,9.9,crew,29.56,18.37,883,0,06367 D - G,Jasper – Okatie 230 kV #2: Construct,2025-12-31,20783,SAV,SAV: COLEMAN - DEAN FOREST 115KV LINE REBUILD,2028-06-01,high
50,OVL-050,9.8,crew,26.88,16.7,2485,0,6852,Urquhart – Toolebeck 115kV line: Rebuild,2026-08-12,20793,GPC,EVANS PRIMARY - THURMOND DAM (USA) #5 115KV REBUILD,2033-06-01,high
51,OVL-051,9.8,crew,26.88,16.7,2485,0,6852,Urquhart – Toolebeck 115kV line: Rebuild,2026-08-12,20794,GPC,EVANS PRIMARY - THURMOND DAM (USA) #6 115KV REBUILD,2033-06-01,high
52,OVL-052,9.8,crew,26.89,16.71,3063,0,6852,Urquhart – Toolebeck 115kV line: Rebuild,2026-08-12,17993,GPC,EVANS PRIMARY - THOMSON PRIMARY 115KV REBUILD,2034-12-31,high
53,OVL-053,9.7,crew,32.24,20.03,115,425,"0139 M,N","Okatie 230-115kV Substation, Jasper – Yemassee 230kV #1 Fold-in",2024-12-31,19523,SAV,SAV: CC - HYUNDAI MOTORS SAVANNAH AKA. PROJECT EA,2025-04-25,high
54,OVL-054,9.7,crew,32.24,20.03,250,290,06367 D - G,Jasper – Okatie 230 kV #2: Construct,2025-12-31,19523,SAV,SAV: CC - HYUNDAI MOTORS SAVANNAH AKA. PROJECT EA,2025-04-25,high
55,OVL-055,8.9,crew,26.88,16.7,1979,0,6810 O,Urquhart – Aiken PSA 46 kV: Rebuild,2027-12-31,20793,GPC,EVANS PRIMARY - THURMOND DAM (USA) #5 115KV REBUILD,2033-06-01,medium
56,OVL-056,8.9,crew,26.88,16.7,1979,0,6810 O,Urquhart – Aiken PSA 46 kV: Rebuild,2027-12-31,20794,GPC,EVANS PRIMARY - THURMOND DAM (USA) #6 115KV REBUILD,2033-06-01,medium
57,OVL-057,8.8,crew,26.9,16.71,2557,0,6810 O,Urquhart – Aiken PSA 46 kV: Rebuild,2027-12-31,17993,GPC,EVANS PRIMARY - THOMSON PRIMARY 115KV REBUILD,2034-12-31,medium
58,OVL-058,8.6,crew,29.56,18.37,1248,0,"0139 M,N","Okatie 230-115kV Substation, Jasper – Yemassee 230kV #1 Fold-in",2024-12-31,20783,SAV,SAV: COLEMAN - DEAN FOREST 115KV LINE REBUILD,2028-06-01,high
59,OVL-059,8.0,crew,28.22,17.54,2709,0,"06367 A - C, H",Riverport Tap: Construct Tap,2025-12-31,20796,SAV,SAV: MELDRIM BANK D REPLACEMENT,2033-06-01,medium
60,OVL-060,8.0,crew,28.21,17.53,3074,0,"06367 A - C, H",Riverport Tap: Construct Tap,2025-12-31,20787,SAV,SAV: LITTLE OGEECHEE 230/115KV BANK REPLACEMENT,2034-06-01,medium
61,OVL-061,7.9,crew,29.53,18.35,2709,0,"0139 M,N","Okatie 230-115kV Substation, Jasper – Yemassee 230kV #1 Fold-in",2024-12-31,20784,SAV,SAV: COLEMAN - MELDRIM 115KV LINE REBUILD,2032-06-01,high
62,OVL-062,7.9,crew,29.53,18.35,2344,0,06367 D - G,Jasper – Okatie 230 kV #2: Construct,2025-12-31,20784,SAV,SAV: COLEMAN - MELDRIM 115KV LINE REBUILD,2032-06-01,high
63,OVL-063,7.8,crew,31.09,19.32,1096,0,6808 S,Okatie-Bluffton 115kV: Rebuild,2025-06-01,20783,SAV,SAV: COLEMAN - DEAN FOREST 115KV LINE REBUILD,2028-06-01,high
64,OVL-064,7.4,crew,31.01,19.27,1248,0,06367 D - G,Jasper – Okatie 230 kV #2: Construct,2025-12-31,21023,SAV,SAV: DEAN FOREST - LITTLE OGEECHEE 230 KV REBUILD,2029-06-01,high
65,OVL-065,7.0,crew,27.49,17.08,1978,0,6809 E,Stevens Creek - Hooks 115kV/LR Plumb Branch 46kV Rebuilds,2024-12-31,21116,GPC,GOSHEN AREA STRATEGIC SOLUTION,2030-06-01,low
66,OVL-066,7.0,crew,27.49,17.08,1613,0,6809 G,Stevens Creek - Hooks 115kV/LR Plumb Branch 46kV,2025-12-31,21116,GPC,GOSHEN AREA STRATEGIC SOLUTION,2030-06-01,low
67,OVL-067,6.7,crew,31.01,19.27,1613,0,"0139 M,N","Okatie 230-115kV Substation, Jasper – Yemassee 230kV #1 Fold-in",2024-12-31,21023,SAV,SAV: DEAN FOREST - LITTLE OGEECHEE 230 KV REBUILD,2029-06-01,high
68,OVL-068,6.7,crew,31.09,19.32,2557,0,6808 S,Okatie-Bluffton 115kV: Rebuild,2025-06-01,20784,SAV,SAV: COLEMAN - MELDRIM 115KV LINE REBUILD,2032-06-01,high
69,OVL-069,6.5,crew,31.34,19.48,1461,0,6808 S,Okatie-Bluffton 115kV: Rebuild,2025-06-01,21023,SAV,SAV: DEAN FOREST - LITTLE OGEECHEE 230 KV REBUILD,2029-06-01,high
70,OVL-070,6.2,crew,31.74,19.72,1461,0,6808 S,Okatie-Bluffton 115kV: Rebuild,2025-06-01,21006,SAV,SAV: BOULEVARD - MAGNOLIA 115 KV LINE REBUILD,2029-06-01,high
71,OVL-071,5.8,crew,32.24,20.03,3074,0,"0139 M,N","Okatie 230-115kV Substation, Jasper – Yemassee 230kV #1 Fold-in",2024-12-31,20796,SAV,SAV: MELDRIM BANK D REPLACEMENT,2033-06-01,high
72,OVL-072,5.8,crew,32.24,20.03,2709,0,06367 D - G,Jasper – Okatie 230 kV #2: Construct,2025-12-31,20796,SAV,SAV: MELDRIM BANK D REPLACEMENT,2033-06-01,high
73,OVL-073,5.6,crew,31.49,19.57,1096,0,6808 S,Okatie-Bluffton 115kV: Rebuild,2025-06-01,20407,SAV,SAV: MAGNOLIA - TRUMAN PARKWAY 115KV REBUILD,2028-06-01,low
74,OVL-074,5.3,crew,30.57,19.0,3074,0,6810 A,Hooks - Thurmond 115kV Tie: Rebuild,2024-12-31,14222,GPC,THOMSON PRIMARY 230/115KV SECOND TRANSFORMER,2033-06-01,low
75,OVL-075,4.8,crew,34.19,21.25,1248,0,06367 D - G,Jasper – Okatie 230 kV #2: Construct,2025-12-31,21006,SAV,SAV: BOULEVARD - MAGNOLIA 115 KV LINE REBUILD,2029-06-01,high
76,OVL-076,4.4,crew,34.19,21.25,1613,0,"0139 M,N","Okatie 230-115kV Substation, Jasper – Yemassee 230kV #1 Fold-in",2024-12-31,21006,SAV,SAV: BOULEVARD - MAGNOLIA 115 KV LINE REBUILD,2029-06-01,high
77,OVL-077,4.1,crew,32.64,20.28,3074,0,6809 E,Stevens Creek - Hooks 115kV/LR Plumb Branch 46kV Rebuilds,2024-12-31,14222,GPC,THOMSON PRIMARY 230/115KV SECOND TRANSFORMER,2033-06-01,low
78,OVL-078,4.1,crew,32.64,20.28,2709,0,6809 G,Stevens Creek - Hooks 115kV/LR Plumb Branch 46kV,2025-12-31,14222,GPC,THOMSON PRIMARY 230/115KV SECOND TRANSFORMER,2033-06-01,low
79,OVL-079,3.8,crew,34.64,21.53,883,0,06367 D - G,Jasper – Okatie 230 kV #2: Construct,2025-12-31,20407,SAV,SAV: MAGNOLIA - TRUMAN PARKWAY 115KV REBUILD,2028-06-01,low
80,OVL-080,3.4,crew,37.31,23.18,37,503,6808 S,Okatie-Bluffton 115kV: Rebuild,2025-06-01,19523,SAV,SAV: CC - HYUNDAI MOTORS SAVANNAH AKA. PROJECT EA,2025-04-25,high
81,OVL-081,3.3,crew,34.64,21.53,1248,0,"0139 M,N","Okatie 230-115kV Substation, Jasper – Yemassee 230kV #1 Fold-in",2024-12-31,20407,SAV,SAV: MAGNOLIA - TRUMAN PARKWAY 115KV REBUILD,2028-06-01,low
82,OVL-082,2.0,crew,37.31,23.18,2922,0,6808 S,Okatie-Bluffton 115kV: Rebuild,2025-06-01,20796,SAV,SAV: MELDRIM BANK D REPLACEMENT,2033-06-01,high
83,OVL-083,1.2,crew,38.75,24.08,517,23,"0139 M,N","Okatie 230-115kV Substation, Jasper – Yemassee 230kV #1 Fold-in",2024-12-31,19966,SAV,SAV: CC - BIG OGEECHEE 500/230KV (CC NETWORK IMPROVEMENTS),2026-06-01,low
84,OVL-084,1.2,crew,38.75,24.08,152,388,06367 D - G,Jasper – Okatie 230 kV #2: Construct,2025-12-31,19966,SAV,SAV: CC - BIG OGEECHEE 500/230KV (CC NETWORK IMPROVEMENTS),2026-06-01,low
